Timestamp,RSSI,Noise_Level,Frequency_Deviation,Jamming_Detection
2025-03-16 17:21:16.749472,-40.67595422482372,-85.39334173599458,47.133577778750265,0
2025-03-16 17:21:17.749472,-44.43960206388226,-93.08724346346389,48.27322633725658,0
2025-03-16 17:21:18.749472,-43.744687978168834,-91.21501678399,50.20158036668943,0
2025-03-16 17:21:19.749472,-37.64597063922713,-93.7326415639589,47.56208822069909,0
2025-03-16 17:21:20.749472,-44.027344221057945,-91.80683869960535,52.98848106506071,0
2025-03-16 17:21:21.749472,-43.699316554933304,-89.1340370608882,50.631945814514395,0
2025-03-16 17:21:22.749472,-40.695761823714236,-94.13453267878633,52.34527878189406,0
2025-03-16 17:21:23.749472,-42.685213083218166,-89.41670039502175,45.46915132066642,0
2025-03-16 17:21:24.749472,-37.40919511833418,-86.68302453656838,43.75662803558502,0
2025-03-16 17:21:25.749472,-42.942859965065736,-89.38809642867712,55.96402023589769,0
2025-03-16 17:21:26.749472,-40.385397001284154,-85.54239279151243,57.49047168174022,1
2025-03-16 17:21:27.749472,-40.26425791791987,-88.39210485082768,48.39146135539461,0
2025-03-16 17:21:28.749472,-38.175579216329815,-90.74978902457586,53.1289893657943,0
2025-03-16 17:21:29.749472,-36.17614757429699,-88.60262548968277,49.244761827620465,0
2025-03-16 17:21:30.749472,-41.651550496507525,-93.07040482007362,54.80692231280675,0
2025-03-16 17:21:31.749472,-44.259021865975186,-90.7115911087723,46.330242830463774,0
2025-03-16 17:21:32.749472,-40.95295288477883,-93.32176054024288,47.865948902035456,0
2025-03-16 17:21:33.749472,-39.5603711969915,-89.36240537021457,53.45567818705178,0
2025-03-16 17:21:34.749472,-40.54064285236684,-89.23859332148443,57.333476344817754,0
2025-03-16 17:21:35.749472,-40.86667558685775,-91.48463179123705,46.50373153203275,0
2025-03-16 17:21:36.749472,-40.537663319059035,-90.64224862137911,52.920535996966954,1
2025-03-16 17:21:37.749472,-40.78979686401669,-88.7157930168074,47.46397122025432,0
2025-03-16 17:21:38.749472,-40.07514512520102,-89.16007453545188,49.3431773275548,0
2025-03-16 17:21:39.749472,-43.80159349840982,-90.4654826289285,49.54237728283676,0
2025-03-16 17:21:40.749472,-36.42172202816231,-91.76979654079042,39.881245332362525,0
2025-03-16 17:21:41.749472,-37.558553931725825,-88.60636098186083,46.956735324528296,0
2025-03-16 17:21:42.749472,-41.719597480095835,-86.04136714859814,39.31130661293194,0
2025-03-16 17:21:43.749472,-40.44235873577592,-86.73500928862343,48.95066169423944,0
2025-03-16 17:21:44.749472,-40.043348352724266,-90.40442397934031,49.4036912879414,1
2025-03-16 17:21:45.749472,-35.98926871730513,-89.26969326503729,53.81932661233034,0
2025-03-16 17:21:46.749472,-41.15496763039022,-87.17346372128524,41.76019619946085,1
2025-03-16 17:21:47.749472,-38.900592126990944,-91.93109399546691,47.30165280598995,0
2025-03-16 17:21:48.749472,-36.43007024936972,-90.0189967598557,54.96504305856275,0
2025-03-16 17:21:49.749472,-41.63828998449628,-88.64198668531832,49.25287913689882,0
2025-03-16 17:21:50.749472,-42.20347319239936,-88.47912149474081,57.55165435665957,0
2025-03-16 17:21:51.749472,-40.69220875299498,-88.89831644363589,55.76671557636983,0
2025-03-16 17:21:52.749472,-39.802330304087,-89.46235313541469,54.328743833197265,0
2025-03-16 17:21:53.749472,-40.06636042302833,-90.03581708584287,51.23567131011042,1
2025-03-16 17:21:54.749472,-41.270515821451916,-94.08479339466807,48.2695564751758,0
2025-03-16 17:21:55.749472,-40.014333687469296,-85.9078187441411,52.364799050114534,0
2025-03-16 17:21:56.749472,-42.3720315622147,-90.78377503551135,50.19761912886808,0
2025-03-16 17:21:57.749472,-38.98934449358905,-92.91632092099442,47.63891587347722,0
2025-03-16 17:21:58.749472,-41.953345329805806,-92.92583252179405,46.56341814473828,0
2025-03-16 17:21:59.749472,-39.7482297658258,-91.43089736281331,56.98339342323267,1
2025-03-16 17:22:00.749472,-36.86106444672586,-87.87323832698848,53.43968582358017,1
2025-03-16 17:22:01.749472,-38.73872419726121,-92.87677027093571,48.90899071109584,0
2025-03-16 17:22:02.749472,-37.902884586204266,-88.7133032270806,46.103564196401365,0
2025-03-16 17:22:03.749472,-40.350678135679296,-93.4398301987248,48.70128549652714,0
2025-03-16 17:22:04.749472,-38.73960946818772,-88.7190656395055,48.023168180590986,0
2025-03-16 17:22:05.749472,-37.92774938904806,-90.80621812504596,52.68650705099205,0
2025-03-16 17:22:06.749472,-36.31340414560124,-90.58235829683332,45.2159447183968,0
2025-03-16 17:22:07.749472,-42.31898455884991,-89.47020858473905,54.959194107037035,0
2025-03-16 17:22:08.749472,-40.52338752662765,-87.28989024872466,51.11473356995653,0
2025-03-16 17:22:09.749472,-40.248638102861875,-90.57413646862229,52.52944593358671,0
2025-03-16 17:22:10.749472,-41.657609498650494,-92.22875260128784,51.380161950463666,0
2025-03-16 17:22:11.749472,-35.90122622336398,-87.96542307969972,43.195693721836435,0
2025-03-16 17:22:12.749472,-43.317473916216066,-87.00797168371301,44.73819056805826,0
2025-03-16 17:22:13.749472,-40.46084456272852,-92.38181378435338,53.40533881661765,1
2025-03-16 17:22:14.749472,-39.526035001742464,-84.85881524995169,50.44009748610311,0
2025-03-16 17:22:15.749472,-42.003902665281046,-84.15659450854321,51.184409747072166,0
2025-03-16 17:22:16.749472,-36.07388672853514,-85.54565743092084,55.14357863126503,1
2025-03-16 17:22:17.749472,-40.8880395971282,-88.07106588632354,52.59548194170302,0
2025-03-16 17:22:18.749472,-39.91708798332745,-90.57467634324463,48.63530095309825,0
2025-03-16 17:22:19.749472,-36.80001497897754,-87.95703843664718,50.77411600959258,0
2025-03-16 17:22:20.749472,-35.75150396840718,-91.13406650715426,58.17798439025327,0
2025-03-16 17:22:21.749472,-39.61349298007946,-87.89610441512004,53.47874117464451,1
2025-03-16 17:22:22.749472,-40.4362154875463,-89.37948990214555,45.8744712150282,0
2025-03-16 17:22:23.749472,-38.92083132676046,-90.73519657198968,52.53002308952864,0
2025-03-16 17:22:24.749472,-39.174848427840764,-93.88343688503026,51.11479553787908,0
2025-03-16 17:22:25.749472,-38.36804031858906,-89.68170486279496,44.42600064145039,0
2025-03-16 17:22:26.749472,-41.63978155691572,-88.99620295687312,50.02751940275531,0
2025-03-16 17:22:27.749472,-42.41335853599526,-90.88618168090922,45.49019263960847,0
2025-03-16 17:22:28.749472,-37.61257450671744,-89.73729057325761,51.61415830160139,1
2025-03-16 17:22:29.749472,-42.081250034065874,-85.34612419613313,54.139529989682856,1
2025-03-16 17:22:30.749472,-40.92393716231388,-89.23274557184487,52.34955489726268,0
2025-03-16 17:22:31.749472,-44.988923821960384,-87.69507950435504,39.92942471377245,1
2025-03-16 17:22:32.749472,-41.211112728352525,-85.90245882844752,49.68017666354778,0
2025-03-16 17:22:33.749472,-39.38279174219981,-88.98935949941254,59.552001044268565,0
2025-03-16 17:22:34.749472,-38.003599488769574,-91.0640518115893,52.819215577679905,1
2025-03-16 17:22:35.749472,-43.49277774084808,-87.02466411735757,49.28062381263864,0
2025-03-16 17:22:36.749472,-37.51360675913672,-90.61185402081477,43.65002737725987,0
2025-03-16 17:22:37.749472,-38.80172037486753,-90.63068691198666,52.51970668007156,0
2025-03-16 17:22:38.749472,-38.07852418027618,-89.47290333121927,52.37169282127125,0
2025-03-16 17:22:39.749472,-38.25750296178491,-91.36667993255568,52.933871437241336,0
2025-03-16 17:22:40.749472,-39.69461832182118,-85.51720815641579,52.58779799349494,0
2025-03-16 17:22:41.749472,-40.25170896571189,-88.71545289447495,39.44098757972791,0
2025-03-16 17:22:42.749472,-39.319603869443405,-91.3767415763936,46.4647276783571,0
2025-03-16 17:22:43.749472,-38.74692470139302,-91.0454086476455,51.08166726368381,0
2025-03-16 17:22:44.749472,-40.787961643006206,-89.33800277925383,45.70167274580776,0
2025-03-16 17:22:45.749472,-40.47472640969117,-88.61083872529326,48.70594090422295,0
2025-03-16 17:22:46.749472,-39.417548153116726,-89.00809328148708,47.265376374375165,0
2025-03-16 17:22:47.749472,-38.69644415875457,-87.28513155298484,38.232949972659796,0
2025-03-16 17:22:48.749472,-35.46717682100892,-89.44032770131588,50.92974298639594,0
2025-03-16 17:22:49.749472,-42.00675099655801,-92.0417504622946,44.4719977728747,0
2025-03-16 17:22:50.749472,-35.948845990344346,-89.18681854140233,42.58258522828825,0
2025-03-16 17:22:51.749472,-39.56619092713356,-88.80722983662412,53.876430280063836,0
2025-03-16 17:22:52.749472,-41.328797472608976,-92.56822788597043,45.38984511140337,0
2025-03-16 17:22:53.749472,-39.598877080646965,-92.42456089181773,53.556172128405606,0
2025-03-16 17:22:54.749472,-40.640266087636746,-90.47397904879675,52.817228512748194,0
2025-03-16 17:22:55.749472,-38.99697988453643,-92.06174911563758,54.8789573379078,0
2025-03-16 17:22:56.749472,-41.55349795831672,-89.30053176028888,52.12479975719263,1
2025-03-16 17:22:57.749472,-40.71373711922927,-93.83692700090943,47.01688823725458,0
2025-03-16 17:22:58.749472,-39.85856754129391,-90.65311565797974,52.844952778346666,0
2025-03-16 17:22:59.749472,-41.13115180284208,-89.69819454858455,55.50382879142738,0
2025-03-16 17:23:00.749472,-41.3900381913067,-90.21224521584513,46.88130306988395,0
2025-03-16 17:23:01.749472,-40.87620054125058,-87.70977931775414,41.17817242965695,0
2025-03-16 17:23:02.749472,-39.8288512843125,-87.19884518708177,47.13644926134551,0
2025-03-16 17:23:03.749472,-39.154371347998655,-91.83935467145957,44.535720920164266,0
2025-03-16 17:23:04.749472,-42.644681854597856,-89.28847917739672,57.48166212554665,0
2025-03-16 17:23:05.749472,-42.00415959513511,-89.2123995794809,49.923154607288176,0
2025-03-16 17:23:06.749472,-40.17554356698267,-89.73856650559284,49.258449693525826,1
2025-03-16 17:23:07.749472,-42.085452451301926,-91.53458843834117,53.70655884735834,0
2025-03-16 17:23:08.749472,-40.88297311556062,-88.35415174077565,47.79996889128109,0
2025-03-16 17:23:09.749472,-39.892604365468536,-89.16803685447611,50.06007782130768,0
2025-03-16 17:23:10.749472,-39.928497429082164,-86.45988277584576,56.37429930298632,0
2025-03-16 17:23:11.749472,-36.26059412795087,-86.71410458542714,44.40678420573194,0
2025-03-16 17:23:12.749472,-40.347096314845146,-87.80683375059215,53.54753720832616,0
2025-03-16 17:23:13.749472,-38.35951596104223,-93.03180634062593,49.07446228296441,0
2025-03-16 17:23:14.749472,-44.23087907535689,-90.73711771178104,40.80905540226475,0
2025-03-16 17:23:15.749472,-42.388804239455105,-90.43911848376655,58.0151978339344,0
2025-03-16 17:23:16.749472,-41.42892180404467,-89.33029627347297,44.781937342789014,0
2025-03-16 17:23:17.749472,-39.192806342509726,-88.60671325560577,52.71550421724026,0
2025-03-16 17:23:18.749472,-38.34148061733061,-91.47373580821804,50.20723148807452,0
2025-03-16 17:23:19.749472,-40.05196083707795,-92.82287370777566,52.71126207323473,0
2025-03-16 17:23:20.749472,-40.03150504559228,-87.95523693379488,52.95902623092373,0
2025-03-16 17:23:21.749472,-37.436721935321266,-93.92942174063646,52.9504428475376,0
2025-03-16 17:23:22.749472,-39.42733933669796,-90.82037707573868,59.41223198401758,0
2025-03-16 17:23:23.749472,-42.90273698796237,-91.21955359688214,46.268689783487574,0
2025-03-16 17:23:24.749472,-38.013645338302716,-93.34453657523396,48.630519270175064,0
2025-03-16 17:23:25.749472,-41.30163000027345,-90.1822608035019,49.77161415704606,0
2025-03-16 17:23:26.749472,-38.72852645497331,-90.25260542176979,45.62590282991266,0
2025-03-16 17:23:27.749472,-40.51502598948532,-89.37991581010876,45.871914942136414,0
2025-03-16 17:23:28.749472,-38.22216387902782,-92.88031260532583,48.38253219443058,0
2025-03-16 17:23:29.749472,-38.796606356862284,-89.54075521964789,46.39958579155354,0
2025-03-16 17:23:30.749472,-36.06355960530928,-92.24168883493824,53.591225848631666,0
2025-03-16 17:23:31.749472,-41.175828771495596,-90.07736203156944,49.690426152662724,0
2025-03-16 17:23:32.749472,-41.46458648975408,-91.39681084285859,43.44470405011506,0
2025-03-16 17:23:33.749472,-40.33255638790637,-90.13622740315324,48.53333345417967,0
2025-03-16 17:23:34.749472,-40.83283730201863,-91.61905875159789,58.838633591112355,0
2025-03-16 17:23:35.749472,-40.08844021145368,-91.43411804688934,51.21518967729928,0
2025-03-16 17:23:36.749472,-36.86903677800806,-89.79207180393875,48.14393047258264,0
2025-03-16 17:23:37.749472,-39.08650545510431,-90.85567888009231,45.39527411205547,0
2025-03-16 17:23:38.749472,-39.110486985133804,-92.11384080490012,50.87082140947253,1
2025-03-16 17:23:39.749472,-40.05646758338336,-90.79091984270406,46.0375462590543,0
2025-03-16 17:23:40.749472,-39.24883937390133,-86.89949996445102,48.811391701000666,0
2025-03-16 17:23:41.749472,-41.6030089032519,-90.08289287766718,52.35141708917684,0
2025-03-16 17:23:42.749472,-38.0117619382695,-92.37924938515775,48.53761436240761,0
2025-03-16 17:23:43.749472,-40.04108069932831,-90.69965129847458,54.62873384557521,0
2025-03-16 17:23:44.749472,-41.2821411840483,-92.60370270157597,54.56677890512518,0
2025-03-16 17:23:45.749472,-41.19598028213478,-87.4888971112037,39.080807734508525,0
2025-03-16 17:23:46.749472,-38.71771009487299,-91.00873408258776,46.02765995988171,0
2025-03-16 17:23:47.749472,-39.84778458165834,-91.26784418016507,45.74186903534102,0
2025-03-16 17:23:48.749472,-42.117016707938355,-91.02069463881266,51.785911015177,0
2025-03-16 17:23:49.749472,-38.69590990209158,-90.54530792875731,49.57259495280108,0
2025-03-16 17:23:50.749472,-42.90474531912409,-87.73721988608872,59.48234332262601,0
2025-03-16 17:23:51.749472,-39.12127510451758,-93.10866029880904,54.46182025050216,0
2025-03-16 17:23:52.749472,-41.937484056103,-90.07302609836862,50.07153194268462,0
2025-03-16 17:23:53.749472,-38.82137373540432,-89.08504217204145,50.816790204887084,0
2025-03-16 17:23:54.749472,-41.556103991417004,-90.07537506434859,52.256746857572146,0
2025-03-16 17:23:55.749472,-40.2426394794138,-90.32855275323676,53.464164165533056,1
2025-03-16 17:23:56.749472,-42.54306478451566,-94.55139200965958,50.369940392268724,1
2025-03-16 17:23:57.749472,-39.121557698435076,-90.85330420754825,54.435482092879894,0
2025-03-16 17:23:58.749472,-42.81312483695496,-92.09153120237637,53.53227644198696,0
2025-03-16 17:23:59.749472,-42.060030066832425,-89.52369336387281,46.88242989437539,0
2025-03-16 17:24:00.749472,-40.47566607508085,-93.56721295276307,55.20902315312989,1
2025-03-16 17:24:01.749472,-36.82199215721307,-90.46920505469811,54.66993306342138,0
2025-03-16 17:24:02.749472,-39.21894978164922,-93.88212511273625,48.075154902648315,0
2025-03-16 17:24:03.749472,-40.79225305084519,-90.31592951920167,55.832016531797365,0
2025-03-16 17:24:04.749472,-38.03580375562319,-90.62110021561101,54.99324252962803,0
2025-03-16 17:24:05.749472,-40.07240539679488,-88.48180530256224,53.103073386606916,1
2025-03-16 17:24:06.749472,-39.62961751352977,-91.52962860661823,42.077770467185005,0
2025-03-16 17:24:07.749472,-39.70165901515631,-89.61469946430239,51.48486905957175,0
2025-03-16 17:24:08.749472,-37.67868363478598,-89.42611236281024,46.90009281899626,0
2025-03-16 17:24:09.749472,-42.400313796612785,-94.1241461515915,54.57723253900108,0
2025-03-16 17:24:10.749472,-37.65235581517138,-90.06434883867303,51.37668702990659,0
2025-03-16 17:24:11.749472,-40.6171666566165,-91.84506394009668,40.624665530158516,0
2025-03-16 17:24:12.749472,-41.98061072649184,-89.48108792899957,53.86575743180342,0
2025-03-16 17:24:13.749472,-36.19280156144687,-89.05357835118336,45.20045181137536,0
2025-03-16 17:24:14.749472,-38.867829357436335,-90.3724742914138,44.992177512571935,0
2025-03-16 17:24:15.749472,-42.806223416652756,-91.7536343355094,51.71025375667692,0
2025-03-16 17:24:16.749472,-39.20330252209164,-90.49272436827015,48.584900815410606,0
2025-03-16 17:24:17.749472,-40.31657501467743,-92.30816797528465,53.242323052687205,0
2025-03-16 17:24:18.749472,-42.00168966790303,-91.87615860841191,43.72384945854717,0
2025-03-16 17:24:19.749472,-40.54894400776316,-88.64158682544367,50.44881619123017,0
2025-03-16 17:24:20.749472,-34.63727867320757,-93.6637526769538,51.43448729219247,0
2025-03-16 17:24:21.749472,-38.622077838233594,-87.22895233460284,44.81725164862913,0
2025-03-16 17:24:22.749472,-36.00909667923951,-92.60531538381896,51.84689119689666,0
2025-03-16 17:24:23.749472,-41.179799115371566,-90.30449762168473,49.77258355522764,0
2025-03-16 17:24:24.749472,-39.8373049045824,-91.14657736501802,54.25174336191469,0
2025-03-16 17:24:25.749472,-41.096751879320095,-91.27280197184703,44.46434796936115,0
2025-03-16 17:24:26.749472,-37.88441572218193,-92.47067938920074,52.84686034820033,0
2025-03-16 17:24:27.749472,-43.33209880490397,-89.50189856132003,52.08745998333297,0
2025-03-16 17:24:28.749472,-40.12868123457801,-90.91446921858254,44.907385100973414,0
2025-03-16 17:24:29.749472,-39.759443669297994,-88.76507096284166,48.748044341040995,0
2025-03-16 17:24:30.749472,-42.32345820422409,-91.72064860730691,52.038392681582046,0
2025-03-16 17:24:31.749472,-39.29377615148272,-87.18757383086333,42.76334620693107,0
2025-03-16 17:24:32.749472,-43.39282238328965,-87.54196083435242,52.48690953386249,0
2025-03-16 17:24:33.749472,-41.5739690171121,-90.05528006671585,51.74091767466155,1
2025-03-16 17:24:34.749472,-41.87877823879151,-93.0524736428757,38.95753054797208,0
2025-03-16 17:24:35.749472,-38.782775962572984,-94.97879107654866,58.70322170367422,0
2025-03-16 17:24:36.749472,-37.01467051188214,-92.5860987457644,48.36937282111155,1
2025-03-16 17:24:37.749472,-39.36617486312486,-90.61904370626978,48.13650955215484,0
2025-03-16 17:24:38.749472,-41.45763646184639,-92.87141553042656,47.470825081046904,0
2025-03-16 17:24:39.749472,-37.570312859018884,-90.74612141979458,56.91757284806688,0
2025-03-16 17:24:40.749472,-43.7413948088591,-88.68484624561461,45.22095922185202,0
2025-03-16 17:24:41.749472,-37.27099387011766,-92.82485681163378,49.92048434861989,0
2025-03-16 17:24:42.749472,-42.211632644878065,-92.88325644665721,49.3740386532033,1
2025-03-16 17:24:43.749472,-40.99232885312563,-88.1879934740955,44.06818349424954,0
2025-03-16 17:24:44.749472,-39.39160562451629,-91.14519099008453,55.63422650207793,1
2025-03-16 17:24:45.749472,-38.549178023640366,-89.16291318846571,48.44929617313673,0
2025-03-16 17:24:46.749472,-39.28971052958968,-89.79138974531332,48.85140070909053,0
2025-03-16 17:24:47.749472,-38.84968651620461,-89.76032203660802,58.12225425482834,0
2025-03-16 17:24:48.749472,-37.62362492734846,-90.6109151979151,52.2120780827541,0
2025-03-16 17:24:49.749472,-40.14560529196608,-89.23184956907546,53.929317288819206,0
2025-03-16 17:24:50.749472,-40.55795312417731,-91.7883533362495,50.39417041191206,0
2025-03-16 17:24:51.749472,-39.84754158486836,-91.82760358940375,62.41987663813296,0
2025-03-16 17:24:52.749472,-40.37042589007257,-93.6692069252869,46.819713722152265,0
2025-03-16 17:24:53.749472,-40.96659368312069,-92.241869392069,52.19992787229719,0
2025-03-16 17:24:54.749472,-40.79615302897969,-88.20952304512262,48.009452756915216,0
2025-03-16 17:24:55.749472,-38.37864332806678,-90.59537505146403,52.24548101377393,0
2025-03-16 17:24:56.749472,-39.956989256423846,-91.14105126896933,49.943783712313945,0
2025-03-16 17:24:57.749472,-37.896849179388354,-87.8123102163868,56.2660993632668,0
2025-03-16 17:24:58.749472,-39.69529543123776,-86.50366987578009,47.3384620862135,0
2025-03-16 17:24:59.749472,-38.71005952090676,-88.55582914290834,47.560848875408155,0
2025-03-16 17:25:00.749472,-40.452909609901496,-92.20721974081067,46.23241539588108,0
2025-03-16 17:25:01.749472,-40.85373157619579,-88.99804214273861,53.90632497538736,0
2025-03-16 17:25:02.749472,-34.32638265612782,-90.9249109964095,42.143289336779816,0
2025-03-16 17:25:03.749472,-40.53945797769241,-90.79315681650291,51.70211100131753,0
2025-03-16 17:25:04.749472,-39.21580789628004,-87.82732147086192,48.414120508971486,0
2025-03-16 17:25:05.749472,-42.44545824081123,-91.0561939604992,43.48689214418277,1
2025-03-16 17:25:06.749472,-39.1753920973822,-88.76500374165225,55.833030287898154,0
2025-03-16 17:25:07.749472,-39.93633852897821,-88.34658735131886,55.20200266391245,0
2025-03-16 17:25:08.749472,-44.953546099793996,-91.48366227813722,53.52124889203247,0
2025-03-16 17:25:09.749472,-40.911658252007456,-89.673081530922,47.623356496199435,0
2025-03-16 17:25:10.749472,-43.881368090087356,-89.64078748922786,47.66650765812068,0
2025-03-16 17:25:11.749472,-40.2095368786477,-89.29937706591197,47.402107475687146,0
2025-03-16 17:25:12.749472,-37.25214364668563,-92.81935109305329,48.461064109845616,0
2025-03-16 17:25:13.749472,-40.24675724856125,-86.6804124315423,46.35335036430165,0
2025-03-16 17:25:14.749472,-41.99434750781451,-87.64198748834072,46.56143650653191,0
2025-03-16 17:25:15.749472,-38.229160175118345,-90.44346231175508,49.225610999072195,0
2025-03-16 17:25:16.749472,-41.39800091556302,-89.19452246155733,49.78906789616828,0
2025-03-16 17:25:17.749472,-37.568646758282426,-88.16709151325134,43.5501498104734,0
2025-03-16 17:25:18.749472,-42.229820486529555,-88.95628734367027,52.25000987907375,0
2025-03-16 17:25:19.749472,-38.97559113653206,-93.08790762275407,47.044343613659585,0
2025-03-16 17:25:20.749472,-38.51774728575487,-88.75938408246704,40.6333653099192,1
2025-03-16 17:25:21.749472,-40.221179874943715,-88.26892337790896,47.552897126868416,0
2025-03-16 17:25:22.749472,-41.277363155453784,-88.70469463483704,50.81682634489189,0
2025-03-16 17:25:23.749472,-34.71325953956362,-90.61960425616383,50.76918341371076,0
2025-03-16 17:25:24.749472,-41.82419102226614,-91.75710316673653,43.820861746549234,0
2025-03-16 17:25:25.749472,-39.42353187846918,-87.15109192268501,46.73060292836934,0
2025-03-16 17:25:26.749472,-39.10453516669311,-92.70489122070333,43.814427419871635,0
2025-03-16 17:25:27.749472,-43.59246270246996,-89.8665375369314,53.80471221802952,0
2025-03-16 17:25:28.749472,-40.15690774599166,-89.91056349230922,48.06529153320261,1
2025-03-16 17:25:29.749472,-39.44454318827143,-89.25263016903372,53.46770401389076,0
2025-03-16 17:25:30.749472,-40.34668833267701,-88.89384029242325,52.50336484705528,0
2025-03-16 17:25:31.749472,-40.401371081738,-88.35841306701111,50.20170582055588,0
2025-03-16 17:25:32.749472,-37.88403422867371,-90.75523987377188,52.6063008782853,0
2025-03-16 17:25:33.749472,-41.303408677349815,-85.86565420457772,44.08484260696236,0
2025-03-16 17:25:34.749472,-42.953654391707445,-89.48571201072227,52.426120446096576,0
2025-03-16 17:25:35.749472,-36.20172793494442,-92.61362142183862,47.62471515727899,0
2025-03-16 17:25:36.749472,-41.64121492127734,-89.31112455132237,53.7886288336411,0
2025-03-16 17:25:37.749472,-38.310834517070816,-91.88429372661734,53.40821145067411,0
2025-03-16 17:25:38.749472,-37.58541533966701,-87.66224707894295,54.07314394064552,0
2025-03-16 17:25:39.749472,-37.42600851247219,-91.38859043335302,52.626455419954446,1
2025-03-16 17:25:40.749472,-39.68343513233657,-91.0590831308626,47.2714014208657,0
2025-03-16 17:25:41.749472,-43.37450408148219,-87.99647263915334,58.773601619048534,0
2025-03-16 17:25:42.749472,-42.59363027896611,-90.40667338293308,57.0728986203431,0
2025-03-16 17:25:43.749472,-40.68495059411833,-91.35045075869772,47.38645742210302,0
2025-03-16 17:25:44.749472,-44.331798975746906,-90.04261500776227,48.72085881654121,0
2025-03-16 17:25:45.749472,-42.118808702409716,-91.22934507817622,45.64133700036095,0
2025-03-16 17:25:46.749472,-41.0105219413152,-93.95238350006134,47.38908968243244,0
2025-03-16 17:25:47.749472,-38.06923249929671,-94.70511641723989,57.8073389361608,0
2025-03-16 17:25:48.749472,-41.299496257718964,-90.98697361767202,55.64786121285308,0
2025-03-16 17:25:49.749472,-41.33933131432152,-85.01834353046317,57.75534884547289,0
2025-03-16 17:25:50.749472,-38.60586382714979,-88.3664076915373,37.31616193048635,0
2025-03-16 17:25:51.749472,-40.699646712365166,-92.8150147877256,56.92068906870834,0
2025-03-16 17:25:52.749472,-40.11634059317538,-90.59638328029497,49.5918639806319,0
2025-03-16 17:25:53.749472,-37.6182956973796,-91.82420939758406,50.499706576407995,0
2025-03-16 17:25:54.749472,-42.733997148381135,-86.43023078166128,45.983864169933334,1
2025-03-16 17:25:55.749472,-39.53022572509632,-87.5006988776849,50.80746444019155,0
2025-03-16 17:25:56.749472,-38.06455252683678,-94.23360416039246,52.06331077506401,0
2025-03-16 17:25:57.749472,-39.350738342560284,-94.72066564349115,49.66644390503967,0
2025-03-16 17:25:58.749472,-39.465420024029534,-90.31552776613731,52.228628222117166,0
2025-03-16 17:25:59.749472,-40.514021685681264,-89.65966264681089,57.04011558991698,0
2025-03-16 17:26:00.749472,-39.25089050885214,-88.99607842961025,48.57047748738393,0
2025-03-16 17:26:01.749472,-38.66820510611898,-92.45734463065064,46.51884969732926,0
2025-03-16 17:26:02.749472,-40.80351864142836,-87.02337448040568,50.100747331697335,0
2025-03-16 17:26:03.749472,-37.70219340975883,-89.34159765367825,55.92389579721082,0
2025-03-16 17:26:04.749472,-38.82309843233885,-88.86109641395,52.070932003166845,0
2025-03-16 17:26:05.749472,-37.76705241385253,-89.77682090725195,53.9123914605871,0
2025-03-16 17:26:06.749472,-40.63937276529113,-88.26067531321776,52.4097934333479,0
2025-03-16 17:26:07.749472,-39.30592897259131,-88.0430056941842,47.23452385972058,0
2025-03-16 17:26:08.749472,-40.77773836563178,-91.43559541521904,45.29949035959835,0
2025-03-16 17:26:09.749472,-38.95521730366011,-86.41189131409955,47.20639337315461,0
2025-03-16 17:26:10.749472,-38.878412069136594,-90.23351874541859,55.68048486170607,0
2025-03-16 17:26:11.749472,-41.67735719746705,-89.10380122722027,46.793279194958764,1
2025-03-16 17:26:12.749472,-45.150212726851365,-88.30778705351783,49.119296212377535,0
2025-03-16 17:26:13.749472,-42.661435383984625,-89.10812324582794,54.54063166302962,0
2025-03-16 17:26:14.749472,-40.388166111477176,-88.9018794014145,48.95429896348593,0
2025-03-16 17:26:15.749472,-38.59866907390274,-88.36545602954448,64.2847277148651,0
2025-03-16 17:26:16.749472,-39.6530808537009,-87.6767012149407,52.06384382330627,0
2025-03-16 17:26:17.749472,-40.680813688968435,-89.21685759795488,54.50668759110283,0
2025-03-16 17:26:18.749472,-36.82697490367474,-92.17334957355514,52.142939888155496,0
2025-03-16 17:26:19.749472,-41.46533405321964,-90.58721996281974,43.954359886487104,0
2025-03-16 17:26:20.749472,-40.22150499946325,-90.04429852812825,54.941014782632024,0
2025-03-16 17:26:21.749472,-40.82266742717367,-91.50666186743835,58.24300219519442,0
2025-03-16 17:26:22.749472,-41.30604684494702,-90.58119792794889,57.06284126364503,1
2025-03-16 17:26:23.749472,-42.42078488013865,-89.8148524647197,48.29359520335543,0
2025-03-16 17:26:24.749472,-38.31909193871939,-92.2725474170689,52.02367530401972,0
2025-03-16 17:26:25.749472,-39.639426681759595,-89.24419600533582,58.3171645498863,0
2025-03-16 17:26:26.749472,-39.41897583476311,-87.30579815217467,50.081322137767664,0
2025-03-16 17:26:27.749472,-39.9669371070352,-91.92403262403565,46.74228117458889,0
2025-03-16 17:26:28.749472,-40.99979661292753,-89.35248358744892,43.776980751034905,0
2025-03-16 17:26:29.749472,-38.685406364332835,-92.5152054926228,46.692404524793815,0
2025-03-16 17:26:30.749472,-39.347761470903144,-86.76617108208222,47.81084240757666,0
2025-03-16 17:26:31.749472,-43.66394116879534,-91.88027422433163,50.698164238737924,0
2025-03-16 17:26:32.749472,-40.42707838358264,-91.41417095178227,57.09453372400418,0
2025-03-16 17:26:33.749472,-40.559658176209986,-90.16053729386506,54.091356785004265,0
2025-03-16 17:26:34.749472,-40.120975778855914,-94.7174771437371,48.61939599534368,0
2025-03-16 17:26:35.749472,-38.59767096696644,-88.58004137379606,50.6070148706272,0
2025-03-16 17:26:36.749472,-41.48636599483265,-91.05740526319512,44.88228199232435,0
2025-03-16 17:26:37.749472,-44.23027329708994,-86.85386599790387,51.727389990268414,0
2025-03-16 17:26:38.749472,-40.22630524746023,-87.8602760405433,52.2799254814839,0
2025-03-16 17:26:39.749472,-38.23803847645914,-86.34907017478315,42.813936346499815,0
2025-03-16 17:26:40.749472,-40.84994478701108,-90.43827630879964,50.61682273830166,0
2025-03-16 17:26:41.749472,-37.42554306470078,-90.0753974732224,50.517954785949186,0
2025-03-16 17:26:42.749472,-40.60960609283766,-89.35990655284428,54.702371755696944,0
2025-03-16 17:26:43.749472,-40.28957519281705,-95.31859008280382,46.41302272166871,0
2025-03-16 17:26:44.749472,-41.77714563523864,-90.40542846725153,56.790122770186976,0
2025-03-16 17:26:45.749472,-39.07469953480869,-90.62031465453558,52.33081076914649,0
2025-03-16 17:26:46.749472,-41.11251868024405,-90.80767208676615,43.90573299301509,0
2025-03-16 17:26:47.749472,-40.81636472881464,-88.62468348728612,42.99453799444037,0
2025-03-16 17:26:48.749472,-41.286218749824414,-86.91657489034725,54.14776179544836,0
2025-03-16 17:26:49.749472,-42.82919953094537,-89.16536216303541,54.064920892410015,0
2025-03-16 17:26:50.749472,-38.27015674773408,-90.80448728561899,42.42338926887322,0
2025-03-16 17:26:51.749472,-42.05714012092059,-90.4690160345537,49.81016455272973,0
2025-03-16 17:26:52.749472,-41.35134556823845,-89.02698257002265,52.99681654008814,0
2025-03-16 17:26:53.749472,-40.178950007138006,-89.38064463617121,47.254703105592796,0
2025-03-16 17:26:54.749472,-40.34896534737044,-94.44673540920654,53.492634696863675,0
2025-03-16 17:26:55.749472,-39.00237197471076,-91.43709541605615,43.98450786977561,0
2025-03-16 17:26:56.749472,-40.315284857410326,-91.01762096712754,52.8613252346003,0
2025-03-16 17:26:57.749472,-42.55961065207559,-93.08161193879074,49.365724307384696,1
2025-03-16 17:26:58.749472,-39.786616448141345,-92.29309739910009,48.61229020808133,0
2025-03-16 17:26:59.749472,-36.03521153601635,-91.05495852193827,58.085085348954664,1
2025-03-16 17:27:00.749472,-40.371497925086956,-86.89419535774555,45.33410535139467,0
2025-03-16 17:27:01.749472,-39.16590860005465,-91.38851758672085,56.78297207761106,1
2025-03-16 17:27:02.749472,-41.29168405097587,-90.14607529911416,47.93304532104946,0
2025-03-16 17:27:03.749472,-39.124523450245185,-90.18236726621483,52.645167115343924,0
2025-03-16 17:27:04.749472,-37.773266795171345,-88.52480223031203,53.48824574180049,0
2025-03-16 17:27:05.749472,-37.22675728021835,-89.39469649165515,47.8980270785194,0
2025-03-16 17:27:06.749472,-41.146676309544986,-85.9521244433411,55.31519874029739,1
2025-03-16 17:27:07.749472,-41.66786812795336,-93.58271340515617,50.16217295004435,0
2025-03-16 17:27:08.749472,-41.288818969197656,-89.0376686423776,54.956071621001975,0
2025-03-16 17:27:09.749472,-42.57711924250238,-88.13470019934377,55.9331344772935,0
2025-03-16 17:27:10.749472,-43.200178239652004,-86.6824318810855,48.419159072943906,0
2025-03-16 17:27:11.749472,-38.891301798473755,-92.35604914290913,54.20842989051872,0
2025-03-16 17:27:12.749472,-39.501331593052235,-89.00835070308216,53.48609417610842,0
2025-03-16 17:27:13.749472,-37.148393433625394,-89.25670987036816,49.730824203893825,1
2025-03-16 17:27:14.749472,-41.89018437213956,-88.46053208083669,54.42402666850578,1
2025-03-16 17:27:15.749472,-40.67261614593016,-88.3842258983423,45.573916178778106,0
2025-03-16 17:27:16.749472,-38.44170797505368,-89.85195161822142,48.40303881736595,0
2025-03-16 17:27:17.749472,-43.59566026494553,-91.4163298532577,47.26675320563003,0
2025-03-16 17:27:18.749472,-39.613392946303584,-89.43967973999786,50.32208227685193,0
2025-03-16 17:27:19.749472,-39.16928597186985,-91.77252218638746,42.67613125187836,0
2025-03-16 17:27:20.749472,-42.02504547515703,-87.34311304029055,47.82368337183419,0
2025-03-16 17:27:21.749472,-40.110413688771324,-87.67171283369443,53.71885424316604,0
2025-03-16 17:27:22.749472,-42.74958503670473,-91.74630507984209,50.701369882801146,0
2025-03-16 17:27:23.749472,-37.14361586364617,-92.75570804131853,54.533775773386004,0
2025-03-16 17:27:24.749472,-41.597873392840036,-92.05499415164473,47.033610042108684,0
2025-03-16 17:27:25.749472,-44.706297944031355,-88.75771146047103,45.88935639647838,0
2025-03-16 17:27:26.749472,-38.30829729484866,-89.37236267168835,46.90983083227633,0
2025-03-16 17:27:27.749472,-38.765801764931794,-90.2970541751722,50.225776858413006,0
2025-03-16 17:27:28.749472,-41.16200852172515,-91.32548751970413,45.90198442275598,0
2025-03-16 17:27:29.749472,-41.011882725908485,-93.84009869093515,55.05187342755218,0
2025-03-16 17:27:30.749472,-38.09852173855366,-85.0961176429396,50.54717110828085,0
2025-03-16 17:27:31.749472,-40.63157835982619,-89.74876818542086,56.08041543836696,0
2025-03-16 17:27:32.749472,-41.613390532060016,-90.30915840465276,50.21637407789977,0
2025-03-16 17:27:33.749472,-40.1248589219985,-90.02407558001369,50.26450130636316,0
2025-03-16 17:27:34.749472,-41.57541486935099,-88.52240711601628,49.38381493075278,1
2025-03-16 17:27:35.749472,-39.44137002899372,-89.24474070612237,47.37927130744539,0
2025-03-16 17:27:36.749472,-41.698199173981784,-86.7901252853669,42.81044003636893,1
2025-03-16 17:27:37.749472,-40.45824994112638,-90.3432626083904,58.95627953888999,0
2025-03-16 17:27:38.749472,-41.40825268853919,-88.65165582165636,46.149125648786075,0
2025-03-16 17:27:39.749472,-40.397493526594154,-91.11148156780239,46.168988391679235,0
2025-03-16 17:27:40.749472,-37.039159704415084,-90.89666332162075,51.93576143457671,0
2025-03-16 17:27:41.749472,-39.74386478684436,-88.3759804805451,45.69296858735191,0
2025-03-16 17:27:42.749472,-37.482671488818916,-88.54100766624155,44.478472176968594,0
2025-03-16 17:27:43.749472,-42.66683454227906,-89.79833981808463,50.82201422110757,0
2025-03-16 17:27:44.749472,-42.1715686625212,-91.93012280896015,52.55891990777493,0
2025-03-16 17:27:45.749472,-38.31079977827749,-88.50249511820086,59.48579211862191,0
2025-03-16 17:27:46.749472,-40.62667363964697,-88.32031461318591,49.34406752777113,0
2025-03-16 17:27:47.749472,-40.036205312925205,-89.55365360584787,54.57575787690819,0
2025-03-16 17:27:48.749472,-39.52449244802576,-84.49257883217658,48.537483215026896,0
2025-03-16 17:27:49.749472,-42.10031737393312,-87.99469898881956,47.58333651229433,0
2025-03-16 17:27:50.749472,-40.55125265969305,-94.60874227146282,48.804351062565935,0
2025-03-16 17:27:51.749472,-36.33304606671352,-90.02180938295379,55.829582953713974,0
2025-03-16 17:27:52.749472,-43.20981868654503,-86.75211614496675,50.08666606410607,0
2025-03-16 17:27:53.749472,-40.79738514915843,-88.90410159842051,43.86580218775417,1
2025-03-16 17:27:54.749472,-44.39361805116832,-90.82143021454287,48.67324103039437,0
2025-03-16 17:27:55.749472,-36.355743936164004,-87.89606975163666,47.39469034867468,0
2025-03-16 17:27:56.749472,-41.0400575568117,-91.47599631753523,54.46904732228164,0
2025-03-16 17:27:57.749472,-42.057798129572596,-91.37285404560862,44.00183595623808,0
2025-03-16 17:27:58.749472,-39.39772225048588,-90.91176052548201,51.4694053514428,0
2025-03-16 17:27:59.749472,-42.254712297073894,-93.60726824524647,52.08212172339681,0
2025-03-16 17:28:00.749472,-42.05078703957293,-87.98765938147119,51.68168077236845,0
2025-03-16 17:28:01.749472,-39.03743764147555,-88.5732333225198,47.420844247633454,0
2025-03-16 17:28:02.749472,-38.57320434707138,-93.01756502932552,56.99330047302411,0
2025-03-16 17:28:03.749472,-41.26981064342691,-89.29237696119515,52.15644766684884,0
2025-03-16 17:28:04.749472,-43.04701920198331,-89.8247761284816,47.2767597078439,0
2025-03-16 17:28:05.749472,-40.24033356872567,-93.1238901476303,45.39702948306383,0
2025-03-16 17:28:06.749472,-41.39815171173361,-89.03400906276921,43.0820035938655,0
2025-03-16 17:28:07.749472,-39.789273418587086,-87.62415922210971,43.466354083432584,0
2025-03-16 17:28:08.749472,-42.11978404447434,-87.78011896617635,44.21814084069332,0
2025-03-16 17:28:09.749472,-39.40507988302348,-90.01730372693399,37.80604366490908,0
2025-03-16 17:28:10.749472,-39.25402907971792,-89.3017349506394,48.21952789794674,0
2025-03-16 17:28:11.749472,-41.31609915528776,-88.8175083620615,60.6525359478098,0
2025-03-16 17:28:12.749472,-39.336052332665844,-90.21033084526191,47.19044160727737,0
2025-03-16 17:28:13.749472,-36.54877207922686,-90.13525878512675,46.363167472973785,0
2025-03-16 17:28:14.749472,-39.177688487940515,-90.75575648571906,48.524002281524794,0
2025-03-16 17:28:15.749472,-39.520840742645376,-88.43099668155538,56.47599762509371,0
2025-03-16 17:28:16.749472,-39.927164650425624,-91.206294551191,60.99710349033661,0
2025-03-16 17:28:17.749472,-38.326159765842085,-90.3377925023031,48.98315672951392,1
2025-03-16 17:28:18.749472,-39.645508724949146,-89.41517114560149,46.94309473321913,0
2025-03-16 17:28:19.749472,-40.92025161209857,-93.58716651302444,51.28395733664256,0
2025-03-16 17:28:20.749472,-38.959104565494805,-92.671954590161,52.3173426506652,1
2025-03-16 17:28:21.749472,-41.8496008401325,-90.11173418271878,43.252494918856115,0
2025-03-16 17:28:22.749472,-40.26355280055552,-90.92474207697983,59.946941964335004,0
2025-03-16 17:28:23.749472,-40.528409717735244,-90.26942208809821,54.64595497050986,0
2025-03-16 17:28:24.749472,-40.89778084055042,-88.51927433670961,54.26501476259486,0
2025-03-16 17:28:25.749472,-40.63615112440235,-87.31032445254031,49.714227967345224,1
2025-03-16 17:28:26.749472,-38.02833288238924,-91.18300923582964,54.65106533544058,0
2025-03-16 17:28:27.749472,-39.71850599901914,-88.43210935433271,54.222249484018484,0
2025-03-16 17:28:28.749472,-39.17929622961008,-92.6714641018281,46.48627968873197,0
2025-03-16 17:28:29.749472,-37.273718735075065,-89.86358052062612,59.50605642556819,0
2025-03-16 17:28:30.749472,-37.41717844336935,-91.65136325829067,52.18007006368121,0
2025-03-16 17:28:31.749472,-41.16299463226538,-87.95148200261937,49.24181614523151,0
2025-03-16 17:28:32.749472,-42.24348965363345,-88.57674933283171,42.612404229631224,0
2025-03-16 17:28:33.749472,-42.58442053767182,-88.4765244758393,48.49293798181909,0
2025-03-16 17:28:34.749472,-41.76714112845585,-90.88938119755296,40.505310638840186,0
2025-03-16 17:28:35.749472,-42.65301878576669,-90.78776121185894,55.11238305580175,0
2025-03-16 17:28:36.749472,-39.10725550787615,-92.42417273760108,43.68017008035353,0
2025-03-16 17:28:37.749472,-38.50362230808467,-91.19464385174514,48.51970896923556,0
2025-03-16 17:28:38.749472,-41.19895380852078,-88.74812248762213,62.93914992823221,0
2025-03-16 17:28:39.749472,-40.51697791599447,-88.2884535813774,50.15783764835867,0
2025-03-16 17:28:40.749472,-39.386779500344126,-90.92761925242374,44.269586509396106,0
2025-03-16 17:28:41.749472,-42.0316993614469,-90.15952824990697,55.184666053194704,0
2025-03-16 17:28:42.749472,-40.237113840331155,-87.4868071180644,43.48461018730033,0
2025-03-16 17:28:43.749472,-41.263205934688884,-92.55054637098193,58.6413134631038,0
2025-03-16 17:28:44.749472,-38.23407472318581,-90.09292857205514,48.344494353395255,1
2025-03-16 17:28:45.749472,-38.594913145400454,-93.41934389806931,47.73181645995389,0
2025-03-16 17:28:46.749472,-42.57883950435659,-87.40328363565011,58.561021939498275,0
2025-03-16 17:28:47.749472,-40.38315603713832,-90.3143539306913,55.84978236867154,0
2025-03-16 17:28:48.749472,-39.35605676851291,-88.1631637882894,51.09476793131221,0
2025-03-16 17:28:49.749472,-41.418274597201425,-93.46731968690841,44.63456309585902,0
2025-03-16 17:28:50.749472,-41.25438683318138,-90.66314469574446,42.44969677578826,0
2025-03-16 17:28:51.749472,-38.88712555312022,-92.75794703701247,51.81325279980152,0
2025-03-16 17:28:52.749472,-38.98371724511262,-87.80381823821438,50.21688931794704,0
2025-03-16 17:28:53.749472,-40.8831651703742,-93.41847270207249,47.371152727692916,0
2025-03-16 17:28:54.749472,-38.45052266372122,-90.39581667840653,56.33116549478092,0
2025-03-16 17:28:55.749472,-39.494487892113106,-94.98047284071238,43.81713729153207,1
2025-03-16 17:28:56.749472,-43.08743949597601,-91.70519977036635,45.930623958672214,0
2025-03-16 17:28:57.749472,-39.236342392265854,-85.14559700365257,55.69551409547261,0
2025-03-16 17:28:58.749472,-41.709179004205716,-91.08479146291079,45.72627424904731,1
2025-03-16 17:28:59.749472,-41.48599849805306,-89.29847580153724,48.851865889649716,0
2025-03-16 17:29:00.749472,-38.297765291910686,-86.13487009770307,47.85098048337347,0
2025-03-16 17:29:01.749472,-39.51119026187557,-92.70713141598696,44.822114493635056,0
2025-03-16 17:29:02.749472,-38.35486425497478,-87.13481767455194,48.77217497349908,0
2025-03-16 17:29:03.749472,-38.75458971895032,-90.98694143879042,47.44050546047455,0
2025-03-16 17:29:04.749472,-41.76207519446514,-90.16110400712265,43.050662735913114,0
2025-03-16 17:29:05.749472,-39.96821395074919,-92.75459168437341,54.65873929271025,0
2025-03-16 17:29:06.749472,-42.8504103587472,-89.51237771254777,50.19996484111536,0
2025-03-16 17:29:07.749472,-36.11184438614692,-89.39369507971439,49.56191292278234,0
2025-03-16 17:29:08.749472,-39.26639823184236,-87.51998832812919,53.34902256077891,0
2025-03-16 17:29:09.749472,-38.22717132739313,-91.15453930181255,42.19902982738046,1
2025-03-16 17:29:10.749472,-41.20091487954981,-90.07525115446657,56.11327094803582,0
2025-03-16 17:29:11.749472,-43.64384012636226,-89.88745850104812,49.33612555354155,0
2025-03-16 17:29:12.749472,-40.09065482137655,-94.18992855951085,53.95969241098686,0
2025-03-16 17:29:13.749472,-40.06469125855026,-92.14392863630188,46.20928234246064,0
2025-03-16 17:29:14.749472,-37.61131463612559,-87.0699925349139,58.19955767846244,0
2025-03-16 17:29:15.749472,-38.85717309066078,-86.01511153566541,50.142600980405604,1
2025-03-16 17:29:16.749472,-41.82093162787963,-93.30256591392968,49.95702475413463,0
2025-03-16 17:29:17.749472,-41.10359235745455,-94.33541649304762,52.87299308914907,0
2025-03-16 17:29:18.749472,-42.1179976786441,-92.44969840044644,48.61250249842235,0
2025-03-16 17:29:19.749472,-38.490671550742746,-91.86882843045301,52.0584440937116,0
2025-03-16 17:29:20.749472,-43.99738594409712,-91.96560063310939,52.486634560270595,0
2025-03-16 17:29:21.749472,-40.5918213236904,-87.61676807358079,49.33185310623638,0
2025-03-16 17:29:22.749472,-35.81378253095484,-90.58184062560056,42.90357127647583,0
2025-03-16 17:29:23.749472,-37.796591894310744,-90.89584063238495,57.20472377755621,0
2025-03-16 17:29:24.749472,-37.90779477990344,-90.11615071164555,56.63556517770501,0
2025-03-16 17:29:25.749472,-41.736320089265696,-92.33983056922595,39.31468685859702,0
2025-03-16 17:29:26.749472,-40.78152315404692,-88.71219296035773,44.80783751867623,0
2025-03-16 17:29:27.749472,-39.49316572478897,-90.5351382121599,48.246896105430075,0
2025-03-16 17:29:28.749472,-41.196329451273954,-90.77905836543255,47.32609804255348,0
2025-03-16 17:29:29.749472,-40.11515586250626,-87.27883969854034,56.13588407488538,1
2025-03-16 17:29:30.749472,-40.04085749774596,-93.71791902837363,54.6055626532832,0
2025-03-16 17:29:31.749472,-38.329023375513614,-90.70022771253947,47.85360638183959,0
2025-03-16 17:29:32.749472,-40.79251129742656,-90.79248197529893,54.14489449881471,0
2025-03-16 17:29:33.749472,-46.5607225727765,-92.32663829130941,47.90811164047894,0
2025-03-16 17:29:34.749472,-42.007300504873925,-91.47439355036336,49.76678540277715,0
2025-03-16 17:29:35.749472,-39.20823355145606,-89.38034585673732,48.521398781649886,0
